<?xml version="1.0" encoding="UTF-8"?>
<beans xmlns="http://www.springframework.org/schema/beans"
	xmlns:xsi="http://www.w3.org/2001/XMLSchema-instance"
	xmlns:context="http://www.springframework.org/schema/context"
	xmlns:mybatis-spring="http://mybatis.org/schema/mybatis-spring"
	xmlns:aop="http://www.springframework.org/schema/aop"
	xmlns:tx="http://www.springframework.org/schema/tx"
	xmlns:task="http://www.springframework.org/schema/task"
	xsi:schemaLocation="http://mybatis.org/schema/mybatis-spring http://mybatis.org/schema/mybatis-spring-1.2.xsd
		http://www.springframework.org/schema/task http://www.springframework.org/schema/task/spring-task-4.3.xsd
		http://www.springframework.org/schema/beans https://www.springframework.org/schema/beans/spring-beans.xsd
		http://www.springframework.org/schema/context http://www.springframework.org/schema/context/spring-context-4.3.xsd
		http://www.springframework.org/schema/aop http://www.springframework.org/schema/aop/spring-aop-4.3.xsd
		http://www.springframework.org/schema/tx http://www.springframework.org/schema/tx/spring-tx-4.3.xsd">

	<!-- Root Context: defines shared resources visible to all other web components -->
   
   
   <!--<property name="driverClassName" value="oracle.jdbc.driver.OracleDriver"> driver delete complete -->
   <bean id="hikariConfig" class="com.zaxxer.hikari.HikariConfig">
      <property name="driverClassName" value="net.sf.log4jdbc.sql.jdbcapi.DriverSpy"></property>
      <property name="jdbcUrl" value="jdbc:log4jdbc:oracle:thin:@localhost:1521:xe"></property>
      <property name="username" value="scott"></property>
      <property name="password" value="tiger"></property>
   </bean>
   <bean id="dataSource" class="com.zaxxer.hikari.HikariDataSource" destroy-method="close">
      <constructor-arg ref="hikariConfig"></constructor-arg>
   </bean>
   
   <bean id="sqlSessionFactory" class="org.mybatis.spring.SqlSessionFactoryBean">
      <property name="dataSource" ref="dataSource"></property>
   </bean>
   
   <bean id="customAccessDenied" class="org.kcm.security.CustomAccessDeniedHandler"></bean>
   <!-- <bean id="customPasswordEncoder" class="org.kcm.security.CustomNoOpPasswordEncoder"></bean> -->
   <bean id="customLoginSuccess" class="org.kcm.security.CustomLoginSuccessHandler"></bean>
   <bean id="bcryptPasswordEncoder" class="org.springframework.security.crypto.bcrypt.BCryptPasswordEncoder"/>
   
   <bean id="transactionManager" class="org.springframework.jdbc.datasource.DataSourceTransactionManager">
   	<property name="dataSource" ref="dataSource"></property>
   </bean>
   <tx:annotation-driven/>
   
   <context:component-scan base-package="org.kcm.aop">
   </context:component-scan>
   <aop:aspectj-autoproxy></aop:aspectj-autoproxy>
   
   <context:component-scan base-package="org.kcm.*"/>
   
   <context:component-scan base-package="org.kcm.task"></context:component-scan>
   <task:annotation-driven/>
   
   <mybatis-spring:scan base-package="org.kcm.mapper"/>

</beans>