<?xml version="1.0" encoding="UTF-8"?>
<!DOCTYPE mapper PUBLIC "-//mybatis.org/DTD Mapper 3.0//EN" "http://mybatis.org/dtd/mybatis-3-mapper.dtd" >

<mapper namespace="org.kcm.mapper.ReplyMapper">
  <select id="getList" resultType="org.kcm.domain.ReplyVO">
		select * from tbl_reply where
		rno > 0
	</select>
  
  <insert id="insert">
  	insert into tbl_reply (rno, bno, reply, replyer) 
  	values(seq_reply.nextval, #{bno}, #{reply}, #{replyer})
  </insert>
  
  <select id="read" resultType="org.kcm.domain.ReplyVO">
  	select * from tbl_reply
  	where rno=#{rno}
  </select>
  
  <delete id="delete">
  	delete from tbl_reply
  	where rno=#{rno}
  </delete>
  
  <update id="update">
  	update tbl_reply
	set reply=#{reply},
	replyer=#{replyer},
	updateDate = sysdate
	where rno=#{rno}
  </update>
  
  <select id="getListWithPaging" resultType="org.kcm.domain.ReplyVO">
  	<![CDATA[
  		select rno, bno, reply, replyer, replyDate, updateDate
  		from 
  		(
  			select /*+ INDEX(tbl_reply idx_reply)*/
  				rownum rn, rno, bno, reply, replyer, replyDate, updateDate
  				from tbl_reply
  			where bno=#{bno}
  				  and rno>0
  				  and rownum<=#{cri.pageNum}*#{cri.amount}
  		)
  		where rn > (#{cri.pageNum}-1)*#{cri.amount}		  
  	]]>
  </select>
  
  <select id="getCountByBno" resultType="int">
  	select count(*) from tbl_reply where bno=#{bno}
  </select>
  
</mapper>
