<?xml version="1.0" encoding="UTF-8"?>
<!DOCTYPE mapper PUBLIC "-//mybatis.org/DTD Mapper 3.0//EN" "http://mybatis.org/dtd/mybatis-3-mapper.dtd" >
<mapper namespace="org.jihyeong.mapper.BoardMapper">
	<select id="getList" resultType="org.jihyeong.domain.BoardVO">
		select * from tbl_board where
		bno>0
	</select>
	<!-- 인터페이스에 어노테이션으로 구현된 기능 구현 -->
	<insert id="insert">
		insert into tbl_board(bno, title, content, writer)
		values(seq_board.nextval, #{title}, #{content}, #{writer})
		<!-- 알아서 매핑할 수 있도록 기능함(getter, setter call 할 필요 없음) =>{}안은 boardVO에 작성했던 
			spelling과 똑같이 작성해야 함 -->
	</insert>
	<insert id="insertSelectKey">
		<selectKey keyProperty="bno" order="BEFORE"
			resultType="long">
			select seq_board.nextval from dual <!-- select해서 나온 값을 bno로 설정함 -->
		</selectKey>
		insert into tbl_board(bno, title, content, writer)
		values(#{bno},
		#{title}, #{content}, #{writer}) <!-- selectKey에서 설정한 bno 값을 insert -->
	</insert>
	<select id="read" resultType="org.jihyeong.domain.BoardVO">
		select * from tbl_board where
		bno=#{bno} order by bno desc
	</select>
	<delete id="delete">
		delete from tbl_board where bno=#{bno}
	</delete>
	<update id="update">
		update tbl_board
		set title=#{title},
		content=#{content},
		writer=#{writer},
		updateDate=sysdate
		where bno=#{bno}
	</update>
	<sql id="criteria">
		<trim prefix="(" suffix=")AND " prefixOverrides="OR">
			<foreach item="type" collection="typeArr">
				<trim prefix="OR">
					<choose>
						<when test="type == 'T'.toString()">title like '%'||#{keyword}||'%'</when>
						<when test="type == 'C'.toString()">content like '%'||#{keyword}||'%'</when>
						<when test="type == 'W'.toString()">writer like '%'||#{keyword}||'%'</when>
					</choose>
				</trim>
			</foreach>
		</trim>
	</sql>
	<select id="getListWithPaging"
		resultType="org.jihyeong.domain.BoardVO">
		<![CDATA[
    select
	*
	from
	(
   		 select
   		 /*+index_desc(tbl_board pk_board)*/
    	 rownum rn,bno,title,content,writer,regdate,updateDate,replycnt
   		 from tbl_board
    	 where 
    	 ]]>
		<!-- include -->
		<include refid="criteria"></include>
	
	<![CDATA[
	
	rownum <=#{pageNum}*#{amount}
	)
	where rn >(#{pageNum}-1)*#{amount}
   
   ]]>
	</select>
	<select id="getTotalCount" resultType="int">
		select count(*)
		from tbl_board
		where
		<include refid="criteria"></include>
		bno>0
	</select>
	<update id="updateReplyCnt">
		update tbl_board
		set replycnt=replycnt+#{amount}
		where
		bno=#{bno}
	</update>
</mapper>